{"mean": 0.9419342808, "std": 0.010178310797364707}