{"mean": 0.9834424874, "std": 0.05040248368776289}