{"mean": 0.9924658188, "std": 0.03647357117520074}