{
    "study": "no_skip",
    "hp": {
      "batch_size": 128,
      "epochs": 30,
      "optim": {
        "x": {
          "lr": 0.1,
          "momentum": 0.99
        },
        "w": {
          "wd": 0.0001
        }
      },
      "T": 24
    },
    "results": [
      0.0989583358168602,
      0.1315104216337204,
      0.14803685247898102,
      0.16576522588729858,
      0.17177483439445496,
      0.22776442766189575,
      0.19841746985912323,
      0.2094350904226303,
      0.21654647588729858,
      0.10096153616905212,
      0.15725159645080566,
      0.16566506028175354,
      0.2044270783662796,
      0.18329326808452606,
      0.16045673191547394,
      0.21013621985912323,
      0.19611378014087677,
      0.20653045177459717,
      0.21153846383094788,
      0.2046274095773697,
      0.21043670177459717,
      0.2532051205635071,
      0.16306090354919434,
      0.2215544879436493,
      0.20532852411270142,
      0.21774840354919434,
      0.15224358439445496,
      0.17287659645080566,
      0.16596554219722748,
      0.1925080120563507
    ]
  }
  