{"mean": 9.1135160206, "std": 0.017492042530093604}