{"mean": 1.0064717996, "std": 0.005564312118791742}