{"mean": 9.102567635, "std": 0.014481040162986649}