{"mean": 1.4165131052, "std": 0.0020611405670086067}