{"mean": 7.537411097600001, "std": 2.1471261525031333}