{"mean": 29.5584164742, "std": 0.046432553331281594}