{"mean": 7.5244193322, "std": 0.03375026641373266}