{"mean": 1.4102059372, "std": 0.0006859669016689944}