{"mean": 1.2815386218, "std": 0.0013048252205343672}