{"mean": 5.9579135886, "std": 0.012834442806684434}