{"mean": 1.2869983426, "std": 0.0024927488307893036}