{"mean": 5.4605721604, "std": 0.010890668151701834}