{"mean": 1.0400788042, "std": 0.08235082877817777}