{"mean": 3.8612247898, "std": 0.06642064267219454}