{
    "study": "vgg_skip_final4",
    "hp": {
      "batch_size": 128,
      "epochs": 30,
      "act_fn": "leaky_relu",
      "optim": {
        "w": {
          "lr": 0.0001,
          "wd": 0.0005
        },
        "x": {
          "lr": 0.5,
          "momentum": 0.5
        }
      },
      "T": 24
    },
    "results": [
      0.5656049847602844,
      0.6217948794364929,
      0.6195913553237915,
      0.655348539352417,
      0.6476362347602844,
      0.6802884340286255,
      0.6739783883094788,
      0.6851963400840759,
      0.6943109035491943,
      0.6896033883094788,
      0.6617588400840759,
      0.6803886294364929,
      0.700120210647583,
      0.6974158883094788,
      0.7024238705635071,
      0.7048277258872986,
      0.7073317170143127,
      0.7236578464508057,
      0.7260617017745972,
      0.7205528616905212,
      0.7241586446762085,
      0.7200520634651184,
      0.7322716116905212,
      0.7357772588729858,
      0.7332732081413269,
      0.735276460647583,
      0.7374799847602844,
      0.7365785241127014,
      0.739182710647583,
      0.7395833134651184
    ]
  }
  