{"mean": 57.5244929672, "std": 0.2166727274962406}